station,period,message_id,x,y,a,resources
Business FM,2024H1,38147,1,4,2,bfm.ru
Business FM,2024H1,38160,1,4,2,bfm.ru
Business FM,2024H1,39160,1,4,2,bfm.ru
Business FM,2024H1,39255,1,4,2,bfm.ru
Business FM,2024H1,39507,1,4,2,bfm.ru
Business FM,2024H1,41078,1,4,3,bfm.ru
Business FM,2024H1,41220,1,4,2,bfm.ru
Business FM,2026H1,62771,2,4,3,max.ru/bfm
Business FM,2026H1,62774,2,4,3,max.ru/bfm
Business FM,2026H1,62937,2,4,3,max.ru/bfm
Business FM,2026H1,62963,2,4,3,max.ru/bfm
Business FM,2026H1,63010,2,4,3,max.ru/bfm
Business FM,2026H1,63053,2,4,3,max.ru/bfm
Business FM,2026H1,63091,2,4,3,max.ru/bfm
Business FM,2026H1,63144,2,4,3,max.ru/bfm
Business FM,2026H1,63179,2,4,3,max.ru/bfm
Business FM,2026H1,63289,2,4,3,max.ru/bfm
Business FM,2026H1,63320,2,4,3,max.ru/bfm
Business FM,2026H1,63385,2,4,3,max.ru/bfm
Business FM,2026H1,63540,2,4,3,max.ru/bfm
Business FM,2026H1,63555,2,4,3,max.ru/bfm
Business FM,2026H1,63589,1,4,4,bfm.ru
Business FM,2026H1,63589,2,4,4,max.ru/bfm
Business FM,2026H1,63948,2,4,3,max.ru/bfm
Business FM,2026H1,64112,1,4,4,bfm.ru
Business FM,2026H1,64112,2,4,4,max.ru/bfm
Business FM,2026H1,64126,2,4,3,max.ru/bfm
Business FM,2026H1,64227,2,4,3,max.ru/bfm
Business FM,2026H1,64236,2,4,3,max.ru/bfm
Business FM,2026H1,64318,2,4,3,max.ru/bfm
Business FM,2026H1,64442,2,4,3,max.ru/bfm
Business FM,2026H1,64572,2,4,3,max.ru/bfm
Business FM,2026H1,64580,2,4,3,max.ru/bfm
Business FM,2026H1,64712,2,4,3,max.ru/bfm
Business FM,2026H1,64737,2,4,3,max.ru/bfm
Business FM,2026H1,64764,2,4,3,max.ru/bfm
Business FM,2026H1,64768,2,4,3,max.ru/bfm
Business FM,2026H1,64823,2,4,3,max.ru/bfm
Business FM,2026H1,64961,2,4,3,max.ru/bfm
Business FM,2026H1,65104,2,4,3,max.ru/bfm
Business FM,2026H1,65130,2,4,3,max.ru/bfm
Business FM,2026H1,65150,2,4,3,max.ru/bfm
Business FM,2026H1,65495,2,4,3,max.ru/bfm
Business FM,2026H1,65496,2,4,3,max.ru/bfm
Business FM,2026H1,65900,2,4,3,max.ru/bfm
Business FM,2026H1,65929,1,4,4,bfm.ru
Business FM,2026H1,65929,2,4,4,max.ru/bfm
Business FM,2026H1,65971,2,4,3,max.ru/bfm
Business FM,2026H1,66070,2,4,3,max.ru/bfm
Business FM,2026H1,66082,2,1,3,max.ru/bfm
Business FM,2026H1,66105,2,4,3,max.ru/bfm
Business FM,2026H1,66216,2,4,3,max.ru/bfm
Business FM,2026H1,66414,2,4,3,max.ru/bfm
Business FM,2026H1,66425,1,1,4,bfm.ru
Business FM,2026H1,66425,2,1,4,max.ru/bfm
Business FM,2026H1,66485,2,4,3,max.ru/bfm
Business FM,2026H1,66526,2,4,3,max.ru/bfm
Business FM,2026H1,66598,2,4,3,max.ru/bfm
Business FM,2026H1,66607,2,4,3,max.ru/bfm
Business FM,2026H1,66644,2,4,3,max.ru/bfm
Business FM,2026H1,66723,2,4,3,max.ru/bfm
Business FM,2026H1,66972,2,4,3,max.ru/bfm
Business FM,2026H1,66984,2,2,3,max.ru/bfm
Business FM,2026H1,67051,2,4,3,max.ru/bfm
Business FM,2026H1,67157,2,4,3,max.ru/bfm
Business FM,2026H1,67252,2,4,3,max.ru/bfm
Business FM,2026H1,67326,2,4,3,max.ru/bfm
Business FM,2026H1,67353,2,4,3,max.ru/bfm
Business FM,2026H1,67518,2,4,3,max.ru/bfm
Business FM,2026H1,67589,2,4,3,max.ru/bfm
Business FM,2026H1,67727,2,4,3,max.ru/bfm
Business FM,2026H1,67847,2,2,3,max.ru/bfm
Business FM,2026H1,67856,2,2,3,max.ru/bfm
Business FM,2026H1,67985,2,4,3,max.ru/bfm
Business FM,2026H1,68044,2,1,3,max.ru/bfm
Business FM,2026H1,68055,2,4,3,max.ru/bfm
Business FM,2026H1,68101,2,4,3,max.ru/bfm
Business FM,2026H1,68130,2,4,3,max.ru/bfm
Business FM,2026H1,68188,2,4,3,max.ru/bfm
Business FM,2026H1,68248,2,4,3,max.ru/bfm
Business FM,2026H1,68594,2,4,3,max.ru/bfm
Business FM,2026H1,68689,2,4,3,max.ru/bfm
Business FM,2026H1,68732,2,4,3,max.ru/bfm
Business FM,2026H1,68783,2,4,3,max.ru/bfm
Business FM,2026H1,68866,2,4,3,max.ru/bfm
Business FM,2026H1,68886,2,2,3,max.ru/bfm
Business FM,2026H1,68930,2,1,3,max.ru/bfm
Business FM,2026H1,69099,2,4,3,max.ru/bfm
Business FM,2026H1,69100,2,4,3,max.ru/bfm
Business FM,2026H1,69159,2,4,3,max.ru/bfm
Business FM,2026H1,69203,2,4,3,max.ru/bfm
Business FM,2026H1,69354,2,1,3,max.ru/bfm
Business FM,2026H1,69424,2,1,3,max.ru/bfm
Business FM,2026H1,69457,2,4,3,max.ru/bfm
Business FM,2026H1,69499,2,4,3,max.ru/bfm
Business FM,2026H1,69738,2,4,3,max.ru/bfm
Business FM,2026H1,69822,2,4,3,max.ru/bfm
Business FM,2026H1,70008,2,4,3,max.ru/bfm
Business FM,2026H1,70046,2,4,3,max.ru/bfm
Business FM,2026H1,70143,2,4,3,max.ru/bfm
Business FM,2026H1,70226,2,4,3,max.ru/bfm
Business FM,2026H1,70229,2,4,3,max.ru/bfm
Business FM,2026H1,70260,2,4,3,max.ru/bfm
Business FM,2026H1,70361,2,4,3,max.ru/bfm
Business FM,2026H1,70456,2,3,3,max.ru/bfm
Business FM,2026H1,70553,2,4,3,max.ru/bfm
Business FM,2026H1,70828,2,4,3,max.ru/bfm
Business FM,2026H1,70849,2,4,3,max.ru/bfm
Business FM,2026H1,70870,2,2,3,max.ru/bfm
Маяк,2024H1,10088,4,2,3,smotrim.ru
Маяк,2024H1,10114,4,4,2,smotrim.ru
Маяк,2024H1,10133,4,2,3,smotrim.ru
Маяк,2024H1,10147,4,4,3,smotrim.ru
Маяк,2024H1,10274,4,4,2,smotrim.ru
Маяк,2024H1,10304,2,4,3,t.me/FckngTeens
Маяк,2024H1,10334,2,2,4,vk.com/audios-35744422
Маяк,2024H1,10334,4,2,4,smotrim.ru
Маяк,2024H1,10336,4,2,3,smotrim.ru
Маяк,2024H1,10397,2,4,3,t.me/FckngTeens
Маяк,2024H1,10411,4,4,2,smotrim.ru
Маяк,2024H1,10417,4,4,2,smotrim.ru
Маяк,2024H1,10493,2,4,4,vk.com/audios-35744422; vk.com/mayakfm
Маяк,2024H1,10493,4,4,4,smotrim.ru
Маяк,2024H1,10518,4,2,3,smotrim.ru
Маяк,2024H1,10557,4,4,3,smotrim.ru
Маяк,2024H1,10585,4,4,3,smotrim.ru
Маяк,2024H1,10609,2,4,2,t.me/FckngTeens
Маяк,2024H1,10620,3,2,4,apple.co; music.yandex.com
Маяк,2024H1,10620,4,2,4,smotrim.ru
Маяк,2024H1,10643,4,2,3,smotrim.ru
Маяк,2024H1,10661,4,2,3,smotrim.ru
Маяк,2024H1,10694,4,4,3,smotrim.ru
Маяк,2024H1,10707,4,4,2,smotrim.ru
Маяк,2024H1,10736,4,4,3,smotrim.ru
Маяк,2024H1,10748,4,4,3,smotrim.ru
Маяк,2024H1,10756,4,2,3,smotrim.ru
Маяк,2024H1,10829,4,2,3,smotrim.ru
Маяк,2024H1,10876,4,4,3,smotrim.ru
Маяк,2024H1,10923,4,4,2,smotrim.ru
Маяк,2024H1,10937,4,4,2,smotrim.ru
Маяк,2024H1,10964,2,4,4,vk.com/audios-35744422
Маяк,2024H1,10964,4,4,4,smotrim.ru
Маяк,2024H1,11015,4,4,2,smotrim.ru
Маяк,2024H1,11029,4,2,3,smotrim.ru
Маяк,2024H1,11040,4,2,3,smotrim.ru
Маяк,2024H1,11049,2,4,4,vk.com/audios-35744422
Маяк,2024H1,11049,4,4,4,smotrim.ru
Маяк,2024H1,11062,4,4,3,smotrim.ru
Маяк,2024H1,11093,4,2,3,smotrim.ru
Маяк,2024H1,11126,4,2,3,smotrim.ru
Маяк,2024H1,11144,4,4,3,smotrim.ru
Маяк,2024H1,11185,4,2,3,smotrim.ru
Маяк,2024H1,11268,4,4,3,smotrim.ru
Маяк,2024H1,11325,4,4,3,smotrim.ru
Маяк,2024H1,11335,4,2,2,smotrim.ru
Маяк,2024H1,11443,4,1,3,smotrim.ru
Маяк,2024H1,11460,4,4,3,smotrim.ru
Маяк,2024H1,11482,4,1,3,smotrim.ru
Маяк,2024H1,11606,4,4,3,smotrim.ru
Маяк,2024H1,11637,4,4,2,smotrim.ru
Маяк,2024H1,11654,2,4,3,t.me/FckngTeens
Маяк,2024H1,11655,4,2,3,smotrim.ru
Маяк,2024H1,11678,3,2,4,music.yandex.com; podcasts.apple.com
Маяк,2024H1,11678,4,2,4,smotrim.ru
Маяк,2024H1,11702,4,4,3,smotrim.ru
Маяк,2024H1,11711,4,2,3,smotrim.ru
Маяк,2024H1,11717,2,2,4,vk.com/audios-35744422
Маяк,2024H1,11717,4,2,4,smotrim.ru
Маяк,2024H1,11745,4,4,2,smotrim.ru
Маяк,2024H1,11759,4,4,2,smotrim.ru
Маяк,2024H1,11830,4,4,2,smotrim.ru
Маяк,2024H1,11831,4,4,3,smotrim.ru
Маяк,2024H1,11834,3,2,4,apple.co; music.yandex.com
Маяк,2024H1,11834,4,2,4,smotrim.ru
Маяк,2024H1,11933,2,2,4,vk.com/mayakfm
Маяк,2024H1,11933,4,2,4,smotrim.ru
Маяк,2024H1,11955,3,4,4,music.yandex.ru; podcasts.apple.com
Маяк,2024H1,11955,4,4,4,smotrim.ru
Маяк,2024H1,12026,4,4,2,smotrim.ru
Маяк,2024H1,12030,4,4,2,smotrim.ru
Маяк,2024H1,12039,4,4,3,smotrim.ru
Маяк,2024H1,12183,4,2,3,smotrim.ru
Маяк,2024H1,12221,4,4,2,smotrim.ru
Маяк,2024H1,12255,4,2,3,smotrim.ru
Маяк,2024H1,12256,4,4,3,smotrim.ru
Маяк,2024H1,12275,2,4,3,t.me/FckngTeens
Маяк,2024H1,12352,4,2,3,smotrim.ru
Маяк,2024H1,12483,4,2,3,smotrim.ru
Маяк,2024H1,12512,4,2,3,smotrim.ru
Маяк,2024H1,12554,4,2,3,smotrim.ru
Маяк,2024H1,12597,4,4,3,smotrim.ru
Маяк,2024H1,12603,4,2,3,smotrim.ru
Маяк,2026H1,23590,2,1,1,t.me/WordsAndMusic
Маяк,2026H1,23640,2,2,4,max.ru/mayakfm
Маяк,2026H1,23640,4,2,4,smotrim.ru
Маяк,2026H1,23696,4,4,2,smotrim.ru
Маяк,2026H1,23726,2,4,4,max.ru/mayakfm
Маяк,2026H1,23726,4,4,4,smotrim.ru
Маяк,2026H1,23789,4,4,3,smotrim.ru
Маяк,2026H1,23816,2,2,3,max.ru/mayakfm
Маяк,2026H1,23884,4,4,2,smotrim.ru
Маяк,2026H1,23890,2,2,4,max.ru/mayakfm
Маяк,2026H1,23890,4,2,4,smotrim.ru
Маяк,2026H1,23934,2,2,4,max.ru/mayakfm
Маяк,2026H1,23934,4,2,4,smotrim.ru
Маяк,2026H1,24010,4,4,3,smotrim.ru
Маяк,2026H1,24031,2,4,3,t.me/FreakingTeens
Маяк,2026H1,24051,2,4,4,max.ru/mayakfm
Маяк,2026H1,24051,4,4,4,smotrim.ru
Маяк,2026H1,24075,2,2,3,max.ru/mayakfm
Маяк,2026H1,24112,4,2,2,smotrim.ru
Маяк,2026H1,24154,2,4,4,max.ru/mayakfm
Маяк,2026H1,24154,4,4,4,smotrim.ru
Маяк,2026H1,24169,2,2,4,max.ru/mayakfm
Маяк,2026H1,24169,4,2,4,smotrim.ru
Маяк,2026H1,24192,2,4,4,max.ru/mayakfm; t.me/FreakingTeens
Маяк,2026H1,24192,4,4,4,smotrim.ru
Маяк,2026H1,24304,2,4,4,max.ru/mayakfm
Маяк,2026H1,24304,4,4,4,smotrim.ru
Маяк,2026H1,24339,2,4,4,max.ru/mayakfm
Маяк,2026H1,24339,4,4,4,smotrim.ru
Маяк,2026H1,24346,2,2,4,max.ru/mayakfm
Маяк,2026H1,24346,4,2,4,smotrim.ru
Маяк,2026H1,24374,2,1,4,max.ru/mayakfm
Маяк,2026H1,24374,3,1,4,apple.co; music.yandex.ru
Маяк,2026H1,24374,4,1,4,smotrim.ru
Маяк,2026H1,24383,4,2,3,smotrim.ru
Маяк,2026H1,24402,2,4,4,max.ru/mayakfm
Маяк,2026H1,24402,4,4,4,smotrim.ru
Маяк,2026H1,24433,2,4,4,max.ru/mayakfm
Маяк,2026H1,24433,4,4,4,smotrim.ru
Маяк,2026H1,24514,2,1,4,max.ru/mayakfm
Маяк,2026H1,24514,3,1,4,apple.co; music.yandex.ru
Маяк,2026H1,24514,4,1,4,smotrim.ru
Маяк,2026H1,24531,4,1,3,smotrim.ru
Маяк,2026H1,24576,2,4,4,vk.com/audios-35744422
Маяк,2026H1,24576,4,4,4,smotrim.ru
Маяк,2026H1,24597,4,1,2,smotrim.ru
Маяк,2026H1,24621,2,2,4,max.ru/mayakfm
Маяк,2026H1,24621,4,2,4,smotrim.ru
Маяк,2026H1,24676,2,1,4,max.ru/mayakfm
Маяк,2026H1,24676,3,1,4,apple.co; music.yandex.ru
Маяк,2026H1,24676,4,1,4,smotrim.ru
Маяк,2026H1,24733,4,4,3,smotrim.ru
Маяк,2026H1,24751,4,4,2,smotrim.ru
Маяк,2026H1,24753,2,4,4,max.ru/mayakfm
Маяк,2026H1,24753,4,4,4,smotrim.ru
Маяк,2026H1,24760,2,4,4,max.ru/mayakfm
Маяк,2026H1,24760,4,4,4,smotrim.ru
Маяк,2026H1,24776,2,2,4,max.ru/mayakfm
Маяк,2026H1,24776,4,2,4,smotrim.ru
Маяк,2026H1,24822,3,3,4,music.yandex.ru; podcasts.apple.com
Маяк,2026H1,24872,4,4,2,smotrim.ru
Маяк,2026H1,24890,4,4,3,smotrim.ru
Маяк,2026H1,24906,2,2,4,max.ru/mayakfm
Маяк,2026H1,24906,4,2,4,smotrim.ru
Маяк,2026H1,24951,2,2,4,max.ru/mayakfm
Маяк,2026H1,24951,4,2,4,smotrim.ru
Маяк,2026H1,24964,2,2,4,t.me/tvrussia1
Маяк,2026H1,24964,4,2,4,smotrim.ru
Маяк,2026H1,25012,2,4,4,max.ru/mayakfm
Маяк,2026H1,25012,4,4,4,smotrim.ru
Маяк,2026H1,25013,2,4,4,vk.com/audios-35744422
Маяк,2026H1,25013,3,4,4,music.yandex.ru; podcasts.apple.com
Маяк,2026H1,25013,4,4,4,smotrim.ru
Маяк,2026H1,25091,4,4,3,smotrim.ru
Маяк,2026H1,25216,2,4,4,max.ru/mayakfm
Маяк,2026H1,25216,4,4,4,smotrim.ru
Маяк,2026H1,25297,2,2,4,max.ru/mayakfm
Маяк,2026H1,25297,4,2,4,smotrim.ru
Маяк,2026H1,25322,4,4,3,smotrim.ru
Маяк,2026H1,25345,2,1,4,max.ru/mayakfm
Маяк,2026H1,25345,3,1,4,apple.co; music.yandex.ru
Маяк,2026H1,25345,4,1,4,smotrim.ru
Маяк,2026H1,25425,2,2,4,max.ru/mayakfm
Маяк,2026H1,25425,4,2,4,smotrim.ru
Маяк,2026H1,25456,2,4,4,max.ru/mayakfm
Маяк,2026H1,25456,4,4,4,smotrim.ru
Маяк,2026H1,25464,4,4,3,smotrim.ru
Маяк,2026H1,25465,2,4,4,max.ru/mayakfm
Маяк,2026H1,25465,4,4,4,smotrim.ru
Маяк,2026H1,25484,4,2,2,smotrim.ru
Маяк,2026H1,25485,4,4,3,smotrim.ru
Маяк,2026H1,25501,4,4,3,smotrim.ru
Маяк,2026H1,25582,2,1,4,max.ru/mayakfm
Маяк,2026H1,25582,4,1,4,smotrim.ru
Маяк,2026H1,25602,2,2,4,max.ru/mayakfm
Маяк,2026H1,25602,3,2,4,apple.co; music.yandex.ru
Маяк,2026H1,25602,4,2,4,smotrim.ru
Маяк,2026H1,25623,4,2,3,smotrim.ru
Маяк,2026H1,25625,2,4,3,max.ru/mayakfm
Маяк,2026H1,25781,3,2,4,music.yandex.ru; podcasts.apple.com
Маяк,2026H1,25781,4,2,4,smotrim.ru
Маяк,2026H1,25885,2,2,4,max.ru/mayakfm
Маяк,2026H1,25885,4,2,4,smotrim.ru
Маяк,2026H1,26051,2,4,3,max.ru/mayakfm
Маяк,2026H1,26131,2,2,4,max.ru/mayakfm
Маяк,2026H1,26131,4,2,4,smotrim.ru
Маяк,2026H1,26184,2,4,4,max.ru/mayakfm
Маяк,2026H1,26184,4,4,4,smotrim.ru
Маяк,2026H1,26288,2,4,3,max.ru/mayakfm
Маяк,2026H1,26300,2,2,4,max.ru/mayakfm
Маяк,2026H1,26300,4,2,4,smotrim.ru
Маяк,2026H1,26360,2,4,2,t.me/WordsAndMusic
Маяк,2026H1,26398,2,4,4,max.ru/mayakfm
Маяк,2026H1,26398,4,4,4,smotrim.ru
Маяк,2026H1,26479,3,2,4,music.yandex.ru; podcasts.apple.com
Маяк,2026H1,26535,4,4,3,smotrim.ru
Маяк,2026H1,26600,4,2,3,smotrim.ru
Маяк,2026H1,26607,4,4,2,smotrim.ru
Маяк,2026H1,26674,2,4,4,max.ru/mayakfm; t.me/FreakingTeens
Маяк,2026H1,26674,4,4,4,smotrim.ru
Маяк,2026H1,26708,2,4,4,max.ru/mayakfm
Маяк,2026H1,26708,4,4,4,smotrim.ru
Маяк,2026H1,26736,2,4,4,vk.com/audios-35744422
Маяк,2026H1,26736,4,4,4,smotrim.ru
Маяк,2026H1,26744,4,2,3,smotrim.ru
Маяк,2026H1,26818,3,1,4,music.yandex.com; podcasts.apple.com
Маяк,2026H1,26818,4,1,4,smotrim.ru
Маяк,2026H1,26861,2,2,4,max.ru/mayakfm
Маяк,2026H1,26861,4,2,4,smotrim.ru
Маяк,2026H1,26918,2,2,4,max.ru/mayakfm
Маяк,2026H1,26918,4,2,4,smotrim.ru
Маяк,2026H1,26923,2,4,3,max.ru/mayakfm
Маяк,2026H1,26932,2,2,4,max.ru/mayakfm
Маяк,2026H1,26932,3,2,4,apple.co; music.yandex.ru
Маяк,2026H1,26932,4,2,4,smotrim.ru
Маяк,2026H1,26933,2,4,3,max.ru/mayakfm
Маяк,2026H1,26973,2,2,4,max.ru/mayakfm
Маяк,2026H1,26973,4,2,4,smotrim.ru
Маяк,2026H1,27010,2,4,3,max.ru/mayakfm
Маяк,2026H1,27142,2,4,4,max.ru/mayakfm
Маяк,2026H1,27142,4,4,4,smotrim.ru
Маяк,2026H1,27143,2,2,4,max.ru/mayakfm
Маяк,2026H1,27143,4,2,4,smotrim.ru
Маяк,2026H1,27167,2,2,4,max.ru/mayakfm
Маяк,2026H1,27167,4,2,4,smotrim.ru
Маяк,2026H1,27277,2,4,2,max.ru/mayakfm
Маяк,2026H1,27292,2,4,2,max.ru/mayakfm
Маяк,2026H1,27345,2,4,4,max.ru/mayakfm
Маяк,2026H1,27345,4,4,4,smotrim.ru
Маяк,2026H1,27393,2,4,3,max.ru/mayakfm
Радио 1,2024H1,33954,1,4,4,radio1.ru
Радио 1,2024H1,33954,2,4,4,t.me/R1News1_bot; t.me/radio1news
Радио 1,2024H1,33959,2,4,4,t.me/R1News1_bot; t.me/radio1news
Радио 1,2024H1,34011,2,4,4,t.me/R1News1_bot; t.me/radio1news
Радио 1,2024H1,34081,2,1,4,t.me/R1News1_bot; t.me/radio1news; t.me/studiorrr1
Радио 1,2024H1,34081,3,1,4,podcast.ru
Радио 1,2024H1,34135,2,4,4,t.me/R1News1_bot; t.me/radio1news
Радио 1,2024H1,34164,2,4,4,t.me/R1News1_bot; t.me/radio1news
Радио 1,2024H1,34205,1,2,4,radio1.news
Радио 1,2024H1,34205,2,2,4,t.me/R1News1_bot; t.me/radio1news; vk.com/radio1_news
Радио 1,2024H1,34205,3,2,4,youtube.com
Радио 1,2024H1,34212,1,4,4,radio1.ru
Радио 1,2024H1,34212,2,4,4,t.me/R1News1_bot; t.me/radio1news
Радио 1,2024H1,34332,2,4,4,t.me/R1News1_bot; t.me/radio1news
Радио 1,2024H1,34350,2,4,4,t.me/R1News1_bot; t.me/radio1news
Радио 1,2024H1,34443,2,4,4,t.me/R1News1_bot; t.me/radio1news
Радио 1,2024H1,34461,2,4,4,t.me/R1News1_bot; t.me/radio1news
Радио 1,2024H1,34473,2,4,4,t.me/R1News1_bot; t.me/radio1news
Радио 1,2024H1,34514,2,4,4,t.me/R1News1_bot; t.me/radio1news
Радио 1,2024H1,34517,2,4,4,t.me/R1News1_bot; t.me/radio1news
Радио 1,2024H1,34664,2,4,4,t.me/R1News1_bot; t.me/radio1news
Радио 1,2024H1,34677,2,4,4,t.me/R1News1_bot; t.me/radio1news
Радио 1,2024H1,34734,2,4,4,t.me/R1News1_bot; t.me/radio1news
Радио 1,2024H1,34786,1,4,4,radio1.ru
Радио 1,2024H1,34786,2,4,4,t.me/R1News1_bot; t.me/radio1news
Радио 1,2024H1,34792,2,4,4,t.me/R1News1_bot; t.me/radio1news
Радио 1,2024H1,34832,2,4,2,t.me/R1News1_bot
Радио 1,2024H1,34903,2,4,4,t.me/R1News1_bot; t.me/radio1news
Радио 1,2024H1,34964,2,1,4,t.me/R1News1_bot; t.me/radio1news
Радио 1,2024H1,34976,2,4,4,t.me/R1News1_bot; t.me/radio1news
Радио 1,2024H1,35013,2,4,4,t.me/R1News1_bot; t.me/radio1news
Радио 1,2024H1,35087,2,1,4,t.me/R1News1_bot; t.me/radio1news
Радио 1,2024H1,35109,1,4,4,radio1.ru
Радио 1,2024H1,35109,2,4,4,t.me/R1News1_bot; t.me/radio1news
Радио 1,2024H1,35144,2,4,4,t.me/R1News1_bot; t.me/radio1news
Радио 1,2024H1,35163,2,4,4,t.me/R1News1_bot; t.me/radio1news
Радио 1,2024H1,35173,2,4,4,t.me/R1News1_bot; t.me/radio1news
Радио 1,2024H1,35187,1,4,4,radio1.ru
Радио 1,2024H1,35187,2,4,4,t.me/R1News1_bot; t.me/radio1news
Радио 1,2024H1,35204,2,4,4,t.me/R1News1_bot; t.me/radio1news
Радио 1,2024H1,35209,1,4,4,radio1.ru
Радио 1,2024H1,35209,2,4,4,t.me/R1News1_bot; t.me/radio1news
Радио 1,2024H1,35266,2,4,4,t.me/R1News1_bot; t.me/radio1news
Радио 1,2024H1,35347,2,1,4,t.me/R1News1_bot; t.me/radio1news
Радио 1,2024H1,35347,3,1,4,podcast.ru
Радио 1,2024H1,35360,2,4,4,t.me/R1News1_bot; t.me/radio1news
Радио 1,2024H1,35365,2,4,4,t.me/R1News1_bot; t.me/radio1news
Радио 1,2024H1,35374,2,1,4,t.me/R1News1_bot; t.me/radio1news
Радио 1,2024H1,35471,2,4,4,t.me/R1News1_bot; t.me/radio1news
Радио 1,2024H1,35505,2,4,4,ok.ru/group; t.me/R1News1_bot; t.me/radio1news
Радио 1,2024H1,35547,2,4,4,t.me/R1News1_bot; t.me/radio1news
Радио 1,2024H1,35601,2,4,4,t.me/R1News1_bot; t.me/radio1news
Радио 1,2024H1,35686,2,1,2,t.me/R1News1_bot
Радио 1,2024H1,35713,2,4,4,t.me/R1News1_bot; t.me/radio1news
Радио 1,2024H1,35881,2,4,2,t.me/R1News1_bot
Радио 1,2024H1,35918,2,1,2,t.me/R1News1_bot
Радио 1,2024H1,35995,2,4,3,t.me/R1News1_bot
Радио 1,2024H1,36097,2,4,2,t.me/R1News1_bot
Радио 1,2024H1,36173,2,4,2,t.me/R1News1_bot
Радио 1,2024H1,36180,2,4,4,t.me/R1News1_bot; t.me/studiorrr1
Радио 1,2024H1,36180,3,4,4,podcast.ru
Радио 1,2024H1,36292,2,4,2,t.me/R1News1_bot
Радио 1,2024H1,36388,2,3,2,t.me/R1News1_bot
Радио 1,2024H1,36393,2,4,2,t.me/R1News1_bot
Радио 1,2024H1,36424,2,4,2,t.me/R1News1_bot
Радио 1,2024H1,36426,2,4,2,t.me/R1News1_bot
Радио 1,2024H1,36441,2,4,2,t.me/R1News1_bot
Радио 1,2024H1,36459,2,4,2,t.me/R1News1_bot
Радио 1,2024H1,36577,2,3,3,t.me/R1News1_bot
Радио 1,2024H1,36675,2,4,2,t.me/R1News1_bot
Радио 1,2024H1,36677,2,4,4,t.me/R1News1_bot; t.me/radio1news
Радио 1,2024H1,36731,2,4,2,t.me/R1News1_bot
Радио 1,2024H1,36783,2,4,2,t.me/R1News1_bot
Радио 1,2024H1,36971,2,4,2,t.me/R1News1_bot
Радио 1,2024H1,37149,2,4,2,t.me/R1News1_bot
Радио 1,2024H1,37166,1,4,4,radio1.ru
Радио 1,2024H1,37166,2,4,4,t.me/R1News1_bot
Радио 1,2024H1,37188,2,4,2,t.me/R1News1_bot
Радио 1,2024H1,37227,1,4,4,radio1.ru
Радио 1,2024H1,37227,2,4,4,t.me/R1News1_bot
Радио 1,2024H1,37276,2,4,2,t.me/R1News1_bot
Радио 1,2024H1,37298,2,4,2,t.me/R1News1_bot
Радио 1,2024H1,37315,2,4,2,t.me/R1News1_bot
Радио 1,2024H1,37413,2,1,4,t.me/R1News1_bot
Радио 1,2024H1,37413,3,1,4,podcast.ru
Радио 1,2024H1,37564,2,4,2,t.me/R1News1_bot
Радио 1,2024H1,37570,2,4,2,t.me/R1News1_bot
Радио 1,2024H1,37576,1,4,4,radio1.ru
Радио 1,2024H1,37576,2,4,4,t.me/R1News1_bot
Радио 1,2024H1,37613,2,4,2,t.me/R1News1_bot
Радио 1,2024H1,37666,2,4,2,t.me/R1News1_bot
Радио 1,2024H1,37677,2,4,2,t.me/R1News1_bot
Радио 1,2024H1,37714,1,4,4,radio1.ru
Радио 1,2024H1,37714,2,4,4,t.me/R1News1_bot
Радио 1,2024H1,37766,2,4,3,t.me/R1News1_bot
Радио 1,2024H1,37867,2,4,2,t.me/R1News1_bot
Радио 1,2024H1,37951,1,4,4,radio1.ru
Радио 1,2024H1,37951,2,4,4,t.me/R1News1_bot
Радио 1,2024H1,37956,2,4,2,t.me/R1News1_bot
Радио 1,2024H1,37977,2,4,2,t.me/R1News1_bot
Радио 1,2024H1,38138,2,4,2,t.me/R1News1_bot
Радио 1,2024H1,38141,2,4,2,t.me/R1News1_bot
Радио 1,2024H1,38155,2,1,4,t.me/R1News1_bot
Радио 1,2024H1,38155,3,1,4,podcast.ru
Радио 1,2024H1,38183,2,3,3,t.me/R1News1_bot
Радио 1,2024H1,38215,2,3,2,t.me/R1News1_bot
Радио 1,2026H1,61190,2,1,4,max.ru/Radio1; t.me/Radio_R1
Радио 1,2026H1,61280,2,1,4,max.ru/Radio1; t.me/Radio_R1
Радио 1,2026H1,61298,2,4,4,max.ru/Radio1; t.me/Radio_R1
Радио 1,2026H1,61449,2,4,4,max.ru/Radio1; t.me/Radio_R1
Радио 1,2026H1,61550,2,4,4,max.ru/Radio1; t.me/Radio_R1
Радио 1,2026H1,61673,2,4,4,max.ru/Radio1; t.me/Radio_R1
Радио 1,2026H1,61692,2,4,4,max.ru/Radio1; t.me/Radio_R1
Радио 1,2026H1,61760,2,4,4,max.ru/Radio1; t.me/Radio_R1
Радио 1,2026H1,61810,2,4,4,max.ru/Radio1; t.me/Radio_R1
Радио 1,2026H1,61830,2,4,4,max.ru/Radio1; t.me/Radio_R1
Радио 1,2026H1,61972,2,4,4,max.ru/Radio1; t.me/Radio_R1
Радио 1,2026H1,62023,2,4,4,max.ru/Radio1; t.me/Radio_R1
Радио 1,2026H1,62031,1,4,4,radio1.ru
Радио 1,2026H1,62031,2,4,4,max.ru/Radio1; t.me/Radio_R1
Радио 1,2026H1,62039,2,4,4,max.ru/Radio1; t.me/Radio_R1
Радио 1,2026H1,62101,2,4,4,max.ru/Radio1; t.me/Radio_R1
Радио 1,2026H1,62108,2,4,4,max.ru/Radio1; t.me/Radio_R1
Радио 1,2026H1,62290,2,4,4,max.ru/Radio1; t.me/Radio_R1
Радио 1,2026H1,62407,2,4,4,max.ru/Radio1; t.me/Radio_R1
Радио 1,2026H1,62411,2,4,4,max.ru/Radio1; t.me/Radio_R1
Радио 1,2026H1,62450,2,4,4,max.ru/Radio1; t.me/Radio_R1
Радио 1,2026H1,62451,2,4,4,max.ru/Radio1; t.me/Radio_R1
Радио 1,2026H1,62478,2,4,4,max.ru/Radio1; t.me/Radio_R1
Радио 1,2026H1,62628,2,4,4,max.ru/Radio1; t.me/Radio_R1
Радио 1,2026H1,62747,2,4,4,max.ru/Radio1; t.me/Radio_R1
Радио 1,2026H1,62830,2,4,4,max.ru/Radio1; t.me/Radio_R1
Радио 1,2026H1,62962,2,4,4,max.ru/Radio1; t.me/Radio_R1
Радио 1,2026H1,63025,2,4,3,max.ru/Radio1
Радио 1,2026H1,63032,2,1,4,max.ru/Radio1; t.me/Radio_R1
Радио 1,2026H1,63032,3,1,4,podcast.ru
Радио 1,2026H1,63135,1,4,4,radio1.ru
Радио 1,2026H1,63135,2,4,4,max.ru/Radio1; t.me/Radio_R1
Радио 1,2026H1,63213,2,4,4,max.ru/Radio1; t.me/Radio_R1
Радио 1,2026H1,63215,2,4,4,max.ru/Radio1; t.me/Radio_R1
Радио 1,2026H1,63302,2,4,4,max.ru/Radio1; t.me/Radio_R1
Радио 1,2026H1,63322,2,2,4,max.ru/Radio1; t.me/Radio_R1
Радио 1,2026H1,63387,2,4,4,max.ru/Radio1; t.me/Radio_R1
Радио 1,2026H1,63493,2,4,4,max.ru/Radio1; t.me/Radio_R1
Радио 1,2026H1,63499,2,4,4,max.ru/Radio1; t.me/Radio_R1
Радио 1,2026H1,63515,2,4,4,max.ru/Radio1; t.me/Radio_R1
Радио 1,2026H1,63610,2,4,4,max.ru/Radio1; t.me/Radio_R1
Радио 1,2026H1,63630,2,4,4,max.ru/Radio1; t.me/Radio_R1
Радио 1,2026H1,63646,2,4,4,max.ru/Radio1; t.me/Radio_R1
Радио 1,2026H1,63669,2,4,4,max.ru/Radio1; t.me/Radio_R1
Радио 1,2026H1,63690,2,4,4,max.ru/Radio1; t.me/Radio_R1
Радио 1,2026H1,63691,2,1,4,max.ru/Radio1; t.me/Radio_R1
Радио 1,2026H1,63722,2,4,4,max.ru/Radio1; t.me/Radio_R1
Радио 1,2026H1,63943,2,4,4,max.ru/Radio1; t.me/Radio_R1
Радио 1,2026H1,64084,2,4,4,max.ru/Radio1; t.me/Radio_R1
Радио 1,2026H1,64338,2,4,4,max.ru/Radio1; t.me/Radio_R1
Радио 1,2026H1,64360,1,4,4,radio1.ru
Радио 1,2026H1,64360,2,4,4,max.ru/Radio1; t.me/Radio_R1
Радио 1,2026H1,64399,2,4,4,max.ru/Radio1; t.me/Radio_R1
Радио 1,2026H1,64411,2,4,4,max.ru/Radio1; t.me/Radio_R1
Радио 1,2026H1,64491,1,4,4,radio1.ru
Радио 1,2026H1,64491,2,4,4,max.ru/Radio1; t.me/Radio_R1
Радио 1,2026H1,64574,2,4,4,max.ru/Radio1; t.me/Radio_R1
Радио 1,2026H1,64585,1,4,4,radio1.ru
Радио 1,2026H1,64585,2,4,4,max.ru/Radio1; t.me/Radio_R1
Радио 1,2026H1,64593,2,4,4,max.ru/Radio1; t.me/Radio_R1
Радио 1,2026H1,64736,2,4,4,max.ru/Radio1; t.me/Radio_R1
Радио 1,2026H1,64768,2,4,4,max.ru/Radio1; t.me/Radio_R1
Радио 1,2026H1,64906,2,4,4,max.ru/Radio1; t.me/Radio_R1
Радио 1,2026H1,64917,2,4,4,max.ru/Radio1; t.me/Radio_R1
Радио 1,2026H1,65063,2,4,4,max.ru/Radio1; t.me/Radio_R1
Радио 1,2026H1,65127,1,4,4,radio1.ru
Радио 1,2026H1,65127,2,4,4,max.ru/Radio1; t.me/Radio_R1
Радио 1,2026H1,65191,2,4,4,max.ru/Radio1; t.me/Radio_R1
Радио 1,2026H1,65217,2,4,4,max.ru/Radio1; t.me/Radio_R1
Радио 1,2026H1,65229,2,4,4,max.ru/Radio1; t.me/Radio_R1
Радио 1,2026H1,65282,2,4,4,max.ru/Radio1; t.me/Radio_R1
Радио 1,2026H1,65290,2,4,4,max.ru/Radio1; t.me/Radio_R1
Радио 1,2026H1,65326,2,4,4,max.ru/Radio1; t.me/Radio_R1
Радио 1,2026H1,65508,2,4,4,max.ru/Radio1; t.me/Radio_R1
Радио 1,2026H1,65606,2,4,4,max.ru/Radio1; t.me/Radio_R1
Радио 1,2026H1,65615,2,4,4,max.ru/Radio1; t.me/Radio_R1
Радио 1,2026H1,65631,2,4,4,max.ru/Radio1; t.me/Radio_R1
Радио 1,2026H1,65849,2,4,4,max.ru/Radio1; t.me/Radio_R1
Радио 1,2026H1,65928,2,4,4,max.ru/Radio1; t.me/Radio_R1
Радио 1,2026H1,65935,2,4,4,max.ru/Radio1; t.me/Radio_R1
Радио 1,2026H1,66014,2,4,4,max.ru/Radio1; t.me/Radio_R1
Радио 1,2026H1,66172,2,4,4,max.ru/Radio1; t.me/Radio_R1
Радио 1,2026H1,66175,2,4,4,max.ru/Radio1; t.me/Radio_R1
Радио 1,2026H1,66219,2,4,4,max.ru/Radio1; t.me/Radio_R1
Радио 1,2026H1,66301,2,4,4,max.ru/Radio1; t.me/Radio_R1
Радио 1,2026H1,66331,2,4,4,max.ru/Radio1; t.me/Radio_R1
Радио 1,2026H1,66480,2,4,4,max.ru/Radio1; t.me/Radio_R1
Радио 1,2026H1,66516,2,4,4,max.ru/Radio1; t.me/Radio_R1
Радио 1,2026H1,66520,2,4,4,max.ru/Radio1; t.me/Radio_R1
Радио 1,2026H1,66607,2,4,4,max.ru/Radio1; t.me/Radio_R1
Радио 1,2026H1,66699,2,1,4,max.ru/Radio1; t.me/Radio_R1
Радио 1,2026H1,66699,3,1,4,podcast.ru
Радио 1,2026H1,66760,2,4,4,max.ru/Radio1; t.me/Radio_R1
Радио 1,2026H1,66805,2,4,4,max.ru/Radio1; t.me/Radio_R1
Радио 1,2026H1,66815,2,4,4,max.ru/Radio1; t.me/Radio_R1
Радио 1,2026H1,67048,2,3,4,max.ru/Radio1; t.me/Radio_R1
Радио 1,2026H1,67111,2,4,4,max.ru/Radio1; t.me/Radio_R1
Радио 1,2026H1,67141,1,4,4,radio1.ru
Радио 1,2026H1,67141,2,4,4,max.ru/Radio1; t.me/Radio_R1
Радио 1,2026H1,67152,2,4,4,max.ru/Radio1; t.me/Radio_R1
Радио 1,2026H1,67194,2,4,4,max.ru/Radio1; t.me/Radio_R1
Радио 1,2026H1,67194,4,4,4,appgallery.huawei.com; apps.apple.com; play.google.com; rustore.ru
Радио 1,2026H1,67220,2,4,4,max.ru/Radio1; t.me/Radio_R1
Радио 1,2026H1,67246,2,4,4,max.ru/Radio1; t.me/Radio_R1
Радио 1,2026H1,67355,2,4,4,max.ru/Radio1; t.me/Radio_R1
Радио 1,2026H1,67478,2,4,4,max.ru/Radio1; t.me/Radio_R1
Радио 1,2026H1,67683,2,4,4,max.ru/Radio1; t.me/Radio_R1
Радио 1,2026H1,67715,2,4,4,max.ru/Radio1; t.me/Radio_R1
Дорожное радио,2024H1,3445,1,4,3,dorognoe.ru
Дорожное радио,2024H1,3464,1,2,3,dorognoe.ru
Дорожное радио,2024H1,3471,2,2,3,ok.ru/dorognoe
Дорожное радио,2024H1,3657,1,3,4,dorognoe.ru
Дорожное радио,2024H1,3657,2,3,4,ok.ru/dorognoe
Дорожное радио,2024H1,3841,1,1,2,dorognoe.ru
Дорожное радио,2024H1,4549,1,1,2,dorognoe.ru
Дорожное радио,2026H1,10997,4,1,3,RadioHub
Дорожное радио,2026H1,11080,4,1,3,RadioHub
Дорожное радио,2026H1,12079,1,1,3,dorognoe.ru
Дорожное радио,2026H1,12113,1,2,3,dorognoe.ru
Дорожное радио,2026H1,12187,4,2,3,6273241.redirect.appmetrica.yandex.com
Дорожное радио,2026H1,12233,1,4,3,dorognoe.ru
