station,period,x,y,normalized_contribution,n_posts,m_xy,display_points
Business FM,2024H1,1,1,0.000000,100,0.000000,0
Business FM,2024H1,2,1,0.000000,100,0.000000,0
Business FM,2024H1,3,1,0.000000,100,0.000000,0
Business FM,2024H1,4,1,0.000000,100,0.000000,0
Business FM,2024H1,1,2,0.000000,100,0.000000,0
Business FM,2024H1,2,2,0.000000,100,0.000000,0
Business FM,2024H1,3,2,0.000000,100,0.000000,0
Business FM,2024H1,4,2,0.000000,100,0.000000,0
Business FM,2024H1,1,3,0.000000,100,0.000000,0
Business FM,2024H1,2,3,0.000000,100,0.000000,0
Business FM,2024H1,3,3,0.000000,100,0.000000,0
Business FM,2024H1,4,3,0.000000,100,0.000000,0
Business FM,2024H1,1,4,7.000000,100,7.000000,7
Business FM,2024H1,2,4,0.000000,100,0.000000,0
Business FM,2024H1,3,4,0.000000,100,0.000000,0
Business FM,2024H1,4,4,0.000000,100,0.000000,0
Business FM,2026H1,1,1,0.500000,100,0.500000,0
Business FM,2026H1,2,1,5.500000,100,5.500000,6
Business FM,2026H1,3,1,0.000000,100,0.000000,0
Business FM,2026H1,4,1,0.000000,100,0.000000,0
Business FM,2026H1,1,2,0.000000,100,0.000000,0
Business FM,2026H1,2,2,5.000000,100,5.000000,5
Business FM,2026H1,3,2,0.000000,100,0.000000,0
Business FM,2026H1,4,2,0.000000,100,0.000000,0
Business FM,2026H1,1,3,0.000000,100,0.000000,0
Business FM,2026H1,2,3,1.000000,100,1.000000,1
Business FM,2026H1,3,3,0.000000,100,0.000000,0
Business FM,2026H1,4,3,0.000000,100,0.000000,0
Business FM,2026H1,1,4,1.500000,100,1.500000,1
Business FM,2026H1,2,4,84.500000,100,84.500000,85
Business FM,2026H1,3,4,0.000000,100,0.000000,0
Business FM,2026H1,4,4,0.000000,100,0.000000,0
Маяк,2024H1,1,1,0.000000,100,0.000000,0
Маяк,2024H1,2,1,0.000000,100,0.000000,0
Маяк,2024H1,3,1,0.000000,100,0.000000,0
Маяк,2024H1,4,1,2.000000,100,2.000000,2
Маяк,2024H1,1,2,0.000000,100,0.000000,0
Маяк,2024H1,2,2,1.500000,100,1.500000,2
Маяк,2024H1,3,2,1.500000,100,1.500000,1
Маяк,2024H1,4,2,26.000000,100,26.000000,26
Маяк,2024H1,1,3,0.000000,100,0.000000,0
Маяк,2024H1,2,3,0.000000,100,0.000000,0
Маяк,2024H1,3,3,0.000000,100,0.000000,0
Маяк,2024H1,4,3,0.000000,100,0.000000,0
Маяк,2024H1,1,4,0.000000,100,0.000000,0
Маяк,2024H1,2,4,6.500000,100,6.500000,7
Маяк,2024H1,3,4,0.500000,100,0.500000,0
Маяк,2024H1,4,4,35.000000,100,35.000000,35
Маяк,2026H1,1,1,0.000000,100,0.000000,0
Маяк,2026H1,2,1,2.833333,100,2.833333,3
Маяк,2026H1,3,1,1.833333,100,1.833333,2
Маяк,2026H1,4,1,4.333333,100,4.333333,4
Маяк,2026H1,1,2,0.000000,100,0.000000,0
Маяк,2026H1,2,2,12.666667,100,12.666667,13
Маяк,2026H1,3,2,2.166667,100,2.166667,2
Маяк,2026H1,4,2,17.166667,100,17.166667,17
Маяк,2026H1,1,3,0.000000,100,0.000000,0
Маяк,2026H1,2,3,0.000000,100,0.000000,0
Маяк,2026H1,3,3,1.000000,100,1.000000,1
Маяк,2026H1,4,3,0.000000,100,0.000000,0
Маяк,2026H1,1,4,0.000000,100,0.000000,0
Маяк,2026H1,2,4,22.333333,100,22.333333,22
Маяк,2026H1,3,4,0.333333,100,0.333333,0
Маяк,2026H1,4,4,26.333333,100,26.333333,27
Радио 1,2024H1,1,1,0.000000,100,0.000000,0
Радио 1,2024H1,2,1,7.000000,100,7.000000,7
Радио 1,2024H1,3,1,2.000000,100,2.000000,2
Радио 1,2024H1,4,1,0.000000,100,0.000000,0
Радио 1,2024H1,1,2,0.333333,100,0.333333,0
Радио 1,2024H1,2,2,0.333333,100,0.333333,0
Радио 1,2024H1,3,2,0.333333,100,0.333333,0
Радио 1,2024H1,4,2,0.000000,100,0.000000,0
Радио 1,2024H1,1,3,0.000000,100,0.000000,0
Радио 1,2024H1,2,3,4.000000,100,4.000000,4
Радио 1,2024H1,3,3,0.000000,100,0.000000,0
Радио 1,2024H1,4,3,0.000000,100,0.000000,0
Радио 1,2024H1,1,4,5.500000,100,5.500000,6
Радио 1,2024H1,2,4,68.000000,100,68.000000,68
Радио 1,2024H1,3,4,0.500000,100,0.500000,1
Радио 1,2024H1,4,4,0.000000,100,0.000000,0
Радио 1,2026H1,1,1,0.000000,100,0.000000,0
Радио 1,2026H1,2,1,4.000000,100,4.000000,4
Радио 1,2026H1,3,1,1.000000,100,1.000000,1
Радио 1,2026H1,4,1,0.000000,100,0.000000,0
Радио 1,2026H1,1,2,0.000000,100,0.000000,0
Радио 1,2026H1,2,2,1.000000,100,1.000000,1
Радио 1,2026H1,3,2,0.000000,100,0.000000,0
Радио 1,2026H1,4,2,0.000000,100,0.000000,0
Радио 1,2026H1,1,3,0.000000,100,0.000000,0
Радио 1,2026H1,2,3,1.000000,100,1.000000,1
Радио 1,2026H1,3,3,0.000000,100,0.000000,0
Радио 1,2026H1,4,3,0.000000,100,0.000000,0
Радио 1,2026H1,1,4,3.500000,100,3.500000,4
Радио 1,2026H1,2,4,87.000000,100,87.000000,87
Радио 1,2026H1,3,4,0.000000,100,0.000000,0
Радио 1,2026H1,4,4,0.500000,100,0.500000,0
Дорожное радио,2024H1,1,1,2.000000,100,2.000000,2
Дорожное радио,2024H1,2,1,0.000000,100,0.000000,0
Дорожное радио,2024H1,3,1,0.000000,100,0.000000,0
Дорожное радио,2024H1,4,1,0.000000,100,0.000000,0
Дорожное радио,2024H1,1,2,1.000000,100,1.000000,1
Дорожное радио,2024H1,2,2,1.000000,100,1.000000,1
Дорожное радио,2024H1,3,2,0.000000,100,0.000000,0
Дорожное радио,2024H1,4,2,0.000000,100,0.000000,0
Дорожное радио,2024H1,1,3,0.500000,100,0.500000,1
Дорожное радио,2024H1,2,3,0.500000,100,0.500000,0
Дорожное радио,2024H1,3,3,0.000000,100,0.000000,0
Дорожное радио,2024H1,4,3,0.000000,100,0.000000,0
Дорожное радио,2024H1,1,4,1.000000,100,1.000000,1
Дорожное радио,2024H1,2,4,0.000000,100,0.000000,0
Дорожное радио,2024H1,3,4,0.000000,100,0.000000,0
Дорожное радио,2024H1,4,4,0.000000,100,0.000000,0
Дорожное радио,2026H1,1,1,1.000000,100,1.000000,1
Дорожное радио,2026H1,2,1,0.000000,100,0.000000,0
Дорожное радио,2026H1,3,1,0.000000,100,0.000000,0
Дорожное радио,2026H1,4,1,2.000000,100,2.000000,2
Дорожное радио,2026H1,1,2,1.000000,100,1.000000,1
Дорожное радио,2026H1,2,2,0.000000,100,0.000000,0
Дорожное радио,2026H1,3,2,0.000000,100,0.000000,0
Дорожное радио,2026H1,4,2,1.000000,100,1.000000,1
Дорожное радио,2026H1,1,3,0.000000,100,0.000000,0
Дорожное радио,2026H1,2,3,0.000000,100,0.000000,0
Дорожное радио,2026H1,3,3,0.000000,100,0.000000,0
Дорожное радио,2026H1,4,3,0.000000,100,0.000000,0
Дорожное радио,2026H1,1,4,1.000000,100,1.000000,1
Дорожное радио,2026H1,2,4,0.000000,100,0.000000,0
Дорожное радио,2026H1,3,4,0.000000,100,0.000000,0
Дорожное радио,2026H1,4,4,0.000000,100,0.000000,0
